Departamento,Fornecedor,Pedido
MERCEARIA,MIX CERTO DISTRIBUIDORA DE COSMETIC,4506589693.0
MERCEARIA,DUCOCO ALIMENTOS S.A,4506440125.0
MERCEARIA,DUCOCO ALIMENTOS S.A,4506394810.0
MERCEARIA,ESTAR BEM INDUSTRIA COMERCIO,4506583424.0
MERCEARIA,LATICINIOS BELA VISTA LTDA,4506574742.0
MERCEARIA,LATICINIO YLAFRUT LTDA,4506583406.0
MERCEARIA,LEITISSIMO SA,4506571757.0
MERCEARIA,PASTIFICIO SELMI S.A,4506587866.0
MERCEARIA,IAMANI COMERCIO DE PRODUTOS,4506571905.0
MERCEARIA,GLOBAL TABS S.A.,4506583437.0
MERCEARIA,ADEGA CASA DE MADEIRA LTDA,4506564687.0
MERCEARIA,SEAL INDUSTRIA E COMERCIO DE ALIMEN,4506571823.0
MERCEARIA,SEAL INDUSTRIA E COMERCIO DE ALIMEN,4506587860.0
MERCEARIA,BRG SUPLEMENTOS NUTRICIONAIS LTDA,4506574756.0
MERCEARIA,FAMILIA FANTIN SIQUEIRA COMERCIO,4506574754.0
MERCEARIA,KAIZEN SP ALIM IMPORT E EXP LTDA,4506571814.0
MERCEARIA,FUMEL COMERCIAL E INDUSTRIA LTDA ME,4506579275.0
MERCEARIA,BARCELOS CIA LTDA,4506579975.0
MERCEARIA,MARILAN ALIMENTOS S/A,4506532376.0
MERCEARIA,M DIAS BRANCO SA INDUSTRIA,4506587864.0
MERCEARIA,NOVA ALIANCA DISTRIBUIDORA,4506587868.0
MERCEARIA,INDUSTRIAS GRANFINO S.A,4506587863.0
MERCEARIA,M N M R PRODUTOS NATURAIS LTDA,4506545263.0
MERCEARIA,M N M R PRODUTOS NATURAIS LTDA,4506531838.0
MERCEARIA,M N M R PRODUTOS NATURAIS LTDA,4506556233.0
MERCEARIA,LOURENCO DISTRIBUIDORA DE ALIMENTOS,4506562374.0
MERCEARIA,RENATA FARHAT,4506574741.0
MERCEARIA,BON APETIT TEMPEROS LTDA ME (CROSS),4506580497.0
MERCEARIA,BON APETIT TEMPEROS LTDA ME (CROSS),4506575494.0
PERECÍVEIS,RAROS DE MINAS COMERCIO DE,4506583675.0
PERECÍVEIS,MARFRIG ALIMENTOS S/A,4506562353.0
PERECÍVEIS,MARFRIG ALIMENTOS S/A,4506574919.0
PERECÍVEIS,BRF S.A,4506589758.0
PERECÍVEIS,BRF S.A,4506589760.0
PERECÍVEIS,BRF S.A,4506567351.0
PERECÍVEIS,BRF S.A,4506572099.0
PERECÍVEIS,WEW IMPORTACAO E EXPORTACAO LTDA,4506558294.0
PERECÍVEIS,WEW IMPORTACAO E EXPORTACAO LTDA,4506574508.0
PERECÍVEIS,DAMM PRODUTOS ALIMENTICIOS LTDA,4506508538.0
PERECÍVEIS,DAMM PRODUTOS ALIMENTICIOS LTDA,4506522546.0
PERECÍVEIS,DAMM PRODUTOS ALIMENTICIOS LTDA,4506562295.0
PERECÍVEIS,BRF S.A,4506589503.0
PERECÍVEIS,SANTA TEREZINHA MASSAS LTDA,4506574789.0
PERECÍVEIS,FRIGORIFICO SILVA IND. E COM. LTDA,4506589511.0
PERECÍVEIS,FRIGORIFICO SILVA IND. E COM. LTDA,4506592215.0
,,
MERCEARIA,,
PERECÍVEIS,,
